{"cameraMode":{"drawMode":0,"name":"Shaded","section":"Shading Mode"},"sceneLighting":false,"audioPlay":false,"sceneViewState":{"m_AlwaysRefresh":false,"showFog":true,"showSkybox":true,"showFlares":true,"showImageEffects":true,"showParticleSystems":true,"showVisualEffectGraphs":true,"m_FxEnabled":true},"in2DMode":false,"pivot":{"x":-12.600000381469727,"y":4.9988555908203129,"z":-2.3999998569488527},"rotation":{"x":0.2459762990474701,"y":-0.5720081925392151,"z":0.18506020307540894,"w":0.7603007555007935},"size":27.811677932739259,"orthographic":false}